{
    "column_definition": {
        "name": "column_definition",
        "isStatic": true,
        "uniques": [["name", "table"]],
        "columns": [
            { "name": "id", "type": "int", "isPrimary": true, "isGenerated": true, "isNullable": false, "isStatic": true },
            { "name": "name", "type": "varchar", "isNullable": false, "isStatic": true },
            { "name": "type", "type": "varchar", "isNullable": false, "isStatic": true },
            { "name": "isGenerated", "type": "boolean", "isNullable": false, "isStatic": true, "default": false },
            { "name": "isPrimary", "type": "boolean", "isNullable": false, "isStatic": true, "default": false },
            { "name": "isNullable", "type": "boolean", "isStatic": true, "default": true },
            { "name": "isStatic", "type": "boolean", "isNullable": false, "isStatic": true, "default": false },
            { "name": "default", "type": "simple-json", "isNullable": true, "isStatic": true },
            { "name": "enumValues", "type": "simple-json", "isNullable": true, "isStatic": true },
            { "name": "isUnique", "type": "boolean", "isNullable": true, "isStatic": true, "default": false },
            { "name": "isUpdatable", "type": "boolean", "isNullable": false, "isStatic": true, "default": true },
            { "name": "isHidden", "type": "boolean", "isNullable": false, "isStatic": true, "default": false },
            { "name": "isIndex", "type": "boolean", "isNullable": false, "isStatic": true, "default": false }
        ],
        "relations": [
            { "propertyName": "table", "type": "many-to-one", "targetTable": "table_definition", "isStatic": true, "inversePropertyName": "columns", "isInverseEager": true }
        ]
    },
    "relation_definition": 
        {
        "name": "relation_definition",
        "isStatic": true,
        "uniques": [["propertyName", "sourceTable"]],
        "columns": [
            { "name": "id", "type": "int", "isPrimary": true, "isGenerated": true, "isNullable": false, "isStatic": true },
            { "name": "type", "type": "enum", "isNullable": false, "isStatic": true, "enumValues": ["one-to-one", "many-to-one", "one-to-many", "many-to-many"] },
            { "name": "propertyName", "type": "varchar", "isNullable": false, "isStatic": true},
            { "name": "inversePropertyName", "type": "varchar", "isNullable": true, "isStatic": true },
            { "name": "isEager", "type": "boolean", "isNullable": false, "isStatic": true, "default": false },
            { "name": "isNullable", "type": "boolean", "isNullable": false, "isStatic": true, "default": true },
            { "name": "isStatic", "type": "boolean", "isNullable": false, "isStatic": true, "default": false },
            { "name": "isInverseEager", "type": "boolean", "isNullable": false, "isStatic": true, "default": false },
            { "name": "isIndex", "type": "boolean", "isNullable": false, "isStatic": true, "default": false },
            { "name": "isInverseIndex", "type": "boolean", "isNullable": false, "isStatic": true, "default": false }
        ],
        "relations": [
            { "propertyName": "sourceTable", "type": "many-to-one", "targetTable": "table_definition", "isStatic": true, "inversePropertyName": "relations", "isInverseEager": true },
            { "propertyName": "targetTable", "type": "many-to-one", "targetTable": "table_definition", "isStatic": true }
        ]

    },
    "table_definition": {
        "name": "table_definition",
        "isStatic": true,
        "columns": [
            { "name": "id", "type": "int", "isPrimary": true, "isGenerated": true, "isNullable": false, "isStatic": true },
            { "name": "name", "type": "varchar", "isNullable": false, "isStatic": true, "isUnique": true },
            { "name": "isStatic", "type": "boolean", "isNullable": false, "isStatic": true, "default": false },
            { "name": "uniques", "type": "simple-json", "isNullable": true, "isStatic": true },
            { "name": "indexes", "type": "simple-json", "isNullable": true, "isStatic": true },
            { "name": "alias", "type": "varchar", "isNullable": true, "isStatic": true, "isUnique": true }
        ]
    },
    "user_definition": 
    {
        "name": "user_definition",
        "isStatic": true,
        "columns": [
            { "name": "id", "type": "uuid", "isPrimary": true, "isGenerated": true, "isNullable": false, "isStatic": true },
            { "name": "email", "type": "varchar", "isNullable": false, "isStatic": true, "default": null },
            { "name": "password", "type": "varchar", "isNullable": false, "isStatic": true, "default": null, "isHidden": true },
            { "name": "isRootAdmin", "type": "boolean", "isNullable": false, "isStatic": true, "default": false, "isUpdatable": false }
        ]
    },
    "setting_definition": {
        "name": "setting_definition",
        "isStatic": true,
        "columns": [ { "name": "id", "type": "int", "isPrimary": true, "isGenerated": true, "isNullable": false, "isStatic": true }, { "name": "isInit", "type": "boolean", "isNullable": false, "isStatic": true, "default": false } ],
        "relations": []
    },
    "route_definition": {
        "name": "route_definition",
        "isStatic": true,
        "uniques": [["path", "mainTable"]],
        "columns": [
            { "name": "id", "type": "int", "isPrimary": true, "isGenerated": true, "isNullable": false, "isStatic": true },
            { "name": "path", "type": "varchar", "isNullable": false, "isStatic": true, "default": null },
            { "name": "isPublished", "type": "boolean", "isNullable": false, "isStatic": true, "default": false },
            { "name": "isEnabled", "type": "boolean", "isNullable": true, "isStatic": true, "default": false }
        ],
        "relations": [
            { "propertyName": "targetTables", "type": "many-to-many", "targetTable": "table_definition", "isStatic": true, "isEager": true },
            { "propertyName": "mainTable", "type": "many-to-one", "targetTable": "table_definition", "isStatic": true, "isNullable": false}
        ]
    },
    "role_definition": {
        "name": "role_definition",
        "isStatic": true,
        "columns": [
            { "name": "id", "type": "int", "isPrimary": true, "isGenerated": true, "isNullable": false, "isStatic": true },
            { "name": "name", "type": "varchar", "isNullable": false, "isStatic": true, "default": null, "isUnique": true }
        ],
        "relations": [
            { "propertyName": "users", "type": "one-to-many", "isStatic": true, "targetTable": "user_definition", "inversePropertyName": "role" }
        ]
    },
    "permission_definition" : {
        "name": "permission_definition",
        "isStatic": true,
        "columns": [
            { "name": "id", "type": "int", "isPrimary": true, "isGenerated": true, "isNullable": false, "isStatic": true },
            { "name": "actions", "type": "simple-json", "isStatic": true },
            { "name": "isEnabled", "type": "boolean", "isNullable": false, "isStatic": true, "default": true }
        ],
        "relations": [
            { "propertyName": "role", "type": "many-to-one", "isStatic": true, "targetTable": "role_definition", "inversePropertyName": "permissions" },
            { "propertyName": "route", "type": "many-to-one", "isStatic": true, "targetTable": "route_definition", "inversePropertyName": "permissions"} 
        ]
    },
    "route_handler_definition": {
        "name": "route_handler_definition",
        "isStatic": true,
        "columns": [
            { "name": "id", "type": "int", "isPrimary": true, "isGenerated": true, "isNullable": false, "isStatic": true },
            { "name": "method", "type": "varchar", "isStatic": true },
            { "name": "logic", "type": "text", "isStatic":true }
        ],
        "relations": [
            { "propertyName": "route", "type": "many-to-one", "targetTable": "route_definition", "isStatic": true, "inversePropertyName": "handlers"}
        ]
    },
    "middleware_definition": {
        "name": "middleware_definition",
        "isStatic": true,
        "columns": [
            { "name": "id", "type": "int", "isPrimary": true, "isGenerated": true, "isNullable": false, "isStatic": true },
            { "name": "name", "type": "varchar", "isNullable": false, "isStatic": true, "isUnique":true },
            { "name": "handler", "type": "text", "isNullable": false, "isStatic": true },
            { "name": "isEnabled", "type": "boolean", "isNullable": false, "isStatic": true, "default": false },
            { "name": "priority", "type": "int", "isNullable": true, "isStatic": true, "default": 0 }

        ],
        "relations": [
            { "propertyName": "route", "type": "many-to-one", "targetTable": "route_definition", "isStatic": true, "inversePropertyName": "middlewares" }
        ]
    },
    "hook_definition": {
        "name": "hook_definition",
        "isStatic": true,
        "columns": [
            { "name": "id", "type": "int", "isPrimary": true, "isGenerated": true, "isNullable": false, "isStatic": true },
            { "name": "preHook", "type": "text", "isNullable": true, "isStatic": true },
            { "name": "afterHook", "type": "text", "isNullable": true, "isStatic": true },
            { "name": "priority", "type": "int", "isNullable": true, "isStatic": true, "default": 0 }
        ],
        "relations": [
            { "propertyName": "route", "type": "many-to-one", "targetTable": "route_definition", "isStatic": true, "inversePropertyName": "hooks" }
        ]
    },
    "session_definition": {
        "name": "session_definition",
        "isStatic": true,
        "columns": [
            { "name": "id", "type": "uuid", "isPrimary": true, "isGenerated": true, "isNullable": false, "isStatic": true },
            { "name": "expiredAt", "type": "date", "isNullable": false, "isStatic": true, "default": "now" },
            { "name": "remember", "type": "boolean", "isStatic": true, "default": false }
        ],
        "relations": [
            { "propertyName": "user", "type": "many-to-one", "targetTable": "user_definition", "isStatic": true, "isNullable": false, "isIndex": true }
        ]
    }
}