{
    "defaultRoleTable": {
        "name": "role",
        "columns": [
            {
                "name": "id",
                "type": "int",
                "isPrimary": true,
                "isGenerated": true,
                "isNullable": false
            },
            {
                "name": "name",
                "type": "varchar",
                "isNullable": false
            }
        ]
    },
    "defaultRole": {
        "name": "Admin"
    },
    "defaultUserTable": {
        "name": "user",
        "columns": [
            {
                "name": "id",
                "type": "varchar",
                "isPrimary": true,
                "isGenerated": true,
                "isNullable": false
            },
            {
                "name": "email",
                "type": "varchar",
                "isNullable": false,
                "unique": true
            },
            {
                "name": "password",
                "type": "varchar",
                "isNullable": false
            },
            {
                "name": "isRootUser",
                "type": "boolean",
                "isNullable": false,
                "default":false
            }
        ]
    },
    "defaultUser": {
        "email": "dynamiq@admin.com",
        "password": "1234",
        "isRootUser": true
    },
    "settingTable": {
        "name": "setting",
        "columns": [
            {
                "name": "id",
                "type": "int",
                "isPrimary": true,
                "isGenerated": true,
                "isNullable": false
            },
            {
                "name": "isInit",
                "type": "boolean",
                "isNullable": false,
                "default": false
            }
        ]
    },
    "defaultSetting": {
        "isInit": false
    },
    "defaultRouteTable": {
        "name": "route",
        "unique": [
            {
                "value": ["method", "path"]
            }
        ],
        "columns": [
            {
                "name": "id",
                "type": "int",
                "isPrimary": true,
                "isGenerated": true,
                "isNullable": false
            },
            {
                "name": "method",
                "type": "varchar",
                "isNullable": false,
                "default": "GET"
            },
            {
                "name": "path",
                "type": "varchar",
                "isNullable": false
            },
            {
                "name": "handler",
                "type": "text",
                "isNullable": false
            },
            {
                "name": "isPublished",
                "type": "boolean",
                "isNullable": false,
                "default": true
            },
            {
                "name": "isEnabled",
                "type": "boolean",
                "default": false
            }
        ]
                },
    "routeDefinition": {
        "GET": {
            "method": "GET",
            "handler": "const result = await $repo.find(); return result"
        },
         "POST": {
            "method": "POST",
            "handler": "const result = await $repo.create($body); return result"
        },
         "PATCH": {
            "method": "PATCH",
            "handler": "const {id, ...data} = $body; const result = await $repo.update({id}, data); return result"
        },
         "DELETE": {
            "method": "DELETE",
            "handler": "const {id, ...data} = $body; const result = await $repo.update({id}, data); return result"
        }
    },
    "adminGuardMiddleware": {
        "name": "Route for root Admin",
        "method": null,
        "path": null,
        "isEnabled": true,
        "handler": "const user = $req.user; if(!user.isRootUser) return throw401();"
    }
}