{
    "defaultRole": {
        "name": "Admin"
    },
    "defaultUser": {
        "email": "dynamiq@admin.com",
        "password": "1234",
        "isRootUser": true
    },
    "defaultSetting": {
        "isInit": false
    },
    "routeDefinition": {
        "GET": {
            "method": "GET",
            "handler": "const result = await $repo.find(); return result"
        },
         "POST": {
            "method": "POST",
            "handler": "const result = await $repo.create($body); return result"
        },
         "PATCH": {
            "method": "PATCH",
            "handler": "const {id, ...data} = $body; const result = await $repo.update({id}, data); return result"
        },
         "DELETE": {
            "method": "DELETE",
            "handler": "const { id } = $body; const result = await $repo.delete({ id }); return result;"
        }
    }
}